<?xml version="1.0" encoding="utf-8"?>
<eml:eml xmlns:eml="eml://ecoinformatics.org/eml-2.1.1" xmlns:xsi="http://www.w3.org/2001/XMLSchema-instance"
         xsi:schemaLocation="eml://ecoinformatics.org/eml-2.1.1 http://rs.gbif.org/schema/eml-gbif-profile/1.1/eml.xsd"
        packageId="10.15468/dl.jdftqs"  system="http://gbif.org" scope="system"
  xml:lang="en">

<dataset>
        <alternateIdentifier>0219204-200613084148143</alternateIdentifier>
    <title>GBIF Occurrence Download 10.15468/dl.jdftqs</title>
    <creator>
    <individualName>
          <surName>GBIF Download Service</surName>
    </individualName>
<electronicMailAddress>support@gbif.org</electronicMailAddress>    </creator>
    <metadataProvider>
    <individualName>
          <surName>GBIF Download Service</surName>
    </individualName>
<electronicMailAddress>support@gbif.org</electronicMailAddress>    </metadataProvider>
      <pubDate>
      2021-03-13
      </pubDate>
    <language>ENGLISH</language>
    <abstract>
        <para>A dataset containing all occurrences available in GBIF matching the query:
{
  &quot;and&quot; : [
    &quot;MediaType is Image&quot;,
    &quot;OccurrenceStatus is Present&quot;,
    &quot;StateProvince is Texas&quot;,
    &quot;TaxonKey is Papilionidae&quot;
  ]
}
The dataset includes records from the following constituent datasets. The full metadata for each constituent is also included in this archive:
1 records from New Mexico State Collection of Arthropods
1 records from Entomology Collection at the Natural History Museum of Utah
1 records from University of Texas, Biodiversity Center, Entomology Collection (UTIC)
1 records from Biodiversity4all Research-Grade Observations
1 records from Natural History Museum (London) Collection Specimens
2 records from University of Delaware Insect Research Collection
3 records from C.P. Gillette Museum of Arthropod Diversity
6 records from International Barcode of Life project (iBOL)
10 records from The Albert J. Cook Arthropod Research Collection
38 records from Entomology Division, Yale Peabody Museum
188 records from BugGuide - Identification, Images, &amp; Information For Insects, Spiders &amp; Their Kin For the United States &amp; Canada
12715 records from iNaturalist Research-grade Observations
</para>
    </abstract>
      <contact>
    <individualName>
          <surName>GBIF Download Service</surName>
    </individualName>
<electronicMailAddress>support@gbif.org</electronicMailAddress>      </contact>

</dataset>

<additionalMetadata>
    <metadata>
      <gbif>
        <dateStamp>2021-03-13T20:13:09Z</dateStamp>
      <citation identifier="10.15468/dl.jdftqs">GBIF Occurrence Download 10.15468/dl.jdftqs</citation>
              <physical>
                  <objectName>Darwin Core Archive</objectName>
                  <characterEncoding>UTF-8</characterEncoding>
                  <dataFormat>
                      <externallyDefinedFormat>
                          <formatName>Darwin Core Archive</formatName>
                      </externallyDefinedFormat>
                  </dataFormat>
                  <distribution>
                      <online>
                          <url function="download">https://api.gbif.org/v1/occurrence/download/request/0219204-200613084148143.zip</url>
                      </online>
                  </distribution>
              </physical>
        </gbif>
    </metadata>
</additionalMetadata>

</eml:eml>
