<archive xmlns="http://rs.tdwg.org/dwc/text/" metadata="eml.xml">
  <core encoding="UTF-8" fieldsTerminatedBy="\t" linesTerminatedBy="\n" fieldsEnclosedBy="" ignoreHeaderLines="1" rowType="http://rs.tdwg.org/dwc/terms/Event">
    <files>
      <location>event.txt</location>
    </files>
    <id index="0" />
    <field index="1" term="http://purl.org/dc/terms/type"/>
    <field index="2" term="http://purl.org/dc/terms/license"/>
    <field index="3" term="http://purl.org/dc/terms/rightsHolder"/>
    <field index="4" term="http://rs.tdwg.org/dwc/terms/ownerInstitutionCode"/>
    <field index="5" term="http://rs.tdwg.org/dwc/terms/eventID"/>
    <field index="6" term="http://rs.tdwg.org/dwc/terms/samplingProtocol"/>
    <field index="7" term="http://rs.tdwg.org/dwc/terms/sampleSizeValue"/>
    <field index="8" term="http://rs.tdwg.org/dwc/terms/sampleSizeUnit"/>
    <field index="9" term="http://rs.tdwg.org/dwc/terms/samplingEffort"/>
    <field index="10" term="http://rs.tdwg.org/dwc/terms/eventDate"/>
    <field index="11" term="http://rs.tdwg.org/dwc/terms/year"/>
    <field index="12" term="http://rs.tdwg.org/dwc/terms/month"/>
    <field index="13" term="http://rs.tdwg.org/dwc/terms/day"/>
    <field index="14" term="http://rs.tdwg.org/dwc/terms/eventRemarks"/>
    <field index="15" term="http://rs.tdwg.org/dwc/terms/country"/>
    <field index="16" term="http://rs.tdwg.org/dwc/terms/countryCode"/>
    <field index="17" term="http://rs.tdwg.org/dwc/terms/locality"/>
    <field index="18" term="http://rs.tdwg.org/dwc/terms/decimalLatitude"/>
    <field index="19" term="http://rs.tdwg.org/dwc/terms/decimalLongitude"/>
    <field index="20" term="http://rs.tdwg.org/dwc/terms/geodeticDatum"/>
  </core>
  <extension encoding="UTF-8" fieldsTerminatedBy="\t" linesTerminatedBy="\n" fieldsEnclosedBy="" ignoreHeaderLines="1" rowType="http://rs.tdwg.org/dwc/terms/Occurrence">
    <files>
      <location>occurrence.txt</location>
    </files>
    <coreid index="0" />
    <field index="1" term="http://purl.org/dc/terms/type"/>
    <field index="2" term="http://purl.org/dc/terms/license"/>
    <field index="3" term="http://purl.org/dc/terms/rightsHolder"/>
    <field index="4" term="http://rs.tdwg.org/dwc/terms/institutionCode"/>
    <field index="5" term="http://rs.tdwg.org/dwc/terms/ownerInstitutionCode"/>
    <field index="6" term="http://rs.tdwg.org/dwc/terms/basisOfRecord"/>
    <field index="7" term="http://rs.tdwg.org/dwc/terms/occurrenceID"/>
    <field index="8" term="http://rs.tdwg.org/dwc/terms/recordedBy"/>
    <field index="9" term="http://rs.tdwg.org/dwc/terms/individualCount"/>
    <field index="10" term="http://rs.tdwg.org/dwc/terms/organismQuantity"/>
    <field index="11" term="http://rs.tdwg.org/dwc/terms/organismQuantityType"/>
    <field index="12" term="http://rs.tdwg.org/dwc/terms/occurrenceStatus"/>
    <field index="13" term="http://rs.tdwg.org/dwc/terms/previousIdentifications"/>
    <field index="14" term="http://rs.tdwg.org/dwc/terms/eventID"/>
    <field index="15" term="http://rs.tdwg.org/dwc/terms/samplingProtocol"/>
    <field index="16" term="http://rs.tdwg.org/dwc/terms/sampleSizeValue"/>
    <field index="17" term="http://rs.tdwg.org/dwc/terms/sampleSizeUnit"/>
    <field index="18" term="http://rs.tdwg.org/dwc/terms/samplingEffort"/>
    <field index="19" term="http://rs.tdwg.org/dwc/terms/eventDate"/>
    <field index="20" term="http://rs.tdwg.org/dwc/terms/year"/>
    <field index="21" term="http://rs.tdwg.org/dwc/terms/month"/>
    <field index="22" term="http://rs.tdwg.org/dwc/terms/day"/>
    <field index="23" term="http://rs.tdwg.org/dwc/terms/eventRemarks"/>
    <field index="24" term="http://rs.tdwg.org/dwc/terms/country"/>
    <field index="25" term="http://rs.tdwg.org/dwc/terms/countryCode"/>
    <field index="26" term="http://rs.tdwg.org/dwc/terms/locality"/>
    <field index="27" term="http://rs.tdwg.org/dwc/terms/decimalLatitude"/>
    <field index="28" term="http://rs.tdwg.org/dwc/terms/decimalLongitude"/>
    <field index="29" term="http://rs.tdwg.org/dwc/terms/geodeticDatum"/>
    <field index="30" term="http://rs.tdwg.org/dwc/terms/group"/>
    <field index="31" term="http://rs.tdwg.org/dwc/terms/identifiedBy"/>
    <field index="32" term="http://rs.tdwg.org/dwc/terms/identificationRemarks"/>
    <field index="33" term="http://rs.tdwg.org/dwc/terms/taxonID"/>
    <field index="34" term="http://rs.tdwg.org/dwc/terms/scientificName"/>
    <field index="35" term="http://rs.tdwg.org/dwc/terms/kingdom"/>
    <field index="36" term="http://rs.tdwg.org/dwc/terms/phylum"/>
    <field index="37" term="http://rs.tdwg.org/dwc/terms/class"/>
    <field index="38" term="http://rs.tdwg.org/dwc/terms/order"/>
    <field index="39" term="http://rs.tdwg.org/dwc/terms/family"/>
    <field index="40" term="http://rs.tdwg.org/dwc/terms/genus"/>
    <field index="41" term="http://rs.tdwg.org/dwc/terms/taxonRank"/>
    <field index="42" term="http://rs.tdwg.org/dwc/terms/scientificNameAuthorship"/>
    <field index="43" term="http://rs.tdwg.org/dwc/terms/taxonomicStatus"/>
  </extension>
</archive>
