<?xml version="1.0" encoding="utf-8"?>
<eml:eml xmlns:eml="eml://ecoinformatics.org/eml-2.1.1" xmlns:xsi="http://www.w3.org/2001/XMLSchema-instance"
         xsi:schemaLocation="eml://ecoinformatics.org/eml-2.1.1 http://rs.gbif.org/schema/eml-gbif-profile/1.1/eml.xsd"
        packageId="ba9984d8-d982-4fe6-b81c-a7585790034a"  system="http://gbif.org" scope="system"
  xml:lang="en">

<dataset>
      <alternateIdentifier>10.15468/sanyq7</alternateIdentifier>
        <alternateIdentifier>ba9984d8-d982-4fe6-b81c-a7585790034a</alternateIdentifier>
        <alternateIdentifier>http://ipt.tacc.utexas.edu/resource?r=utic</alternateIdentifier>
    <title>University of Texas, Biodiversity Center, Entomology Collection (UTIC)</title>
    <creator>
    <individualName>
<givenName>Alex</givenName>          <surName>Wild</surName>
    </individualName>
<organizationName>University of Texas at Austin, Biodiversity Center</organizationName><positionName>Curator of Entomology</positionName>    <address>
<deliveryPoint>1.314 Lake Austin Center; 3001 Lake Austin Blvd</deliveryPoint><city>Austin</city><administrativeArea>TX</administrativeArea><postalCode>78703</postalCode><country>UNITED_STATES</country>    </address>
<electronicMailAddress>alex.wild@utexas.edu</electronicMailAddress><onlineUrl>https://biodiversity.utexas.edu/collections/entomology</onlineUrl>      <userId directory="http://orcid.org/">0000-0003-3679-6138</userId>
    </creator>
    <metadataProvider>
    <individualName>
<givenName>Alex</givenName>          <surName>Wild</surName>
    </individualName>
<organizationName>University of Texas at Austin, Biodiversity Center</organizationName><positionName>Curator of Entomology</positionName>    <address>
<deliveryPoint>1.314 Lake Austin Center; 3001 Lake Austin Blvd</deliveryPoint><city>Austin</city><administrativeArea>TX</administrativeArea><postalCode>78703</postalCode><country>UNITED_STATES</country>    </address>
<electronicMailAddress>alex.wild@utexas.edu</electronicMailAddress><onlineUrl>https://biodiversity.utexas.edu/collections/entomology</onlineUrl>      <userId directory="http://orcid.org/">0000-0003-3679-6138</userId>
    </metadataProvider>
    <associatedParty>
    <individualName>
<givenName>Tomislav</givenName>          <surName>Urban</surName>
    </individualName>
<electronicMailAddress>turban@tacc.utexas.edu</electronicMailAddress>    <role>USER</role>
    </associatedParty>
      <pubDate>
      2022-11-16
      </pubDate>
    <language>ENGLISH</language>
    <abstract>
        <para>The Entomology Collection contains 500,000 pinned and 1.5 million ethanol-preserved specimens, with concentrations in Lepidoptera (butterflies and moths), Coleoptera (beetles), Hymenoptera (wasps, bees, and ants), and cave invertebrates.

Most specimens document the geographic and seasonal occurrences of insect species across Texas, but the collection houses important samples from other states, Canada, Mexico, Central and South America, Europe, Africa and Asia; as well as the historic Ludolph Heiligbrodt Collection (1870-1910) from Bastrop County; as well as a collection of insect-host plant voucher specimens. Voucher specimens from University of Texas research projects, including a number of landmark studies on fire ants, are also in the collection.</para>
    </abstract>
        <keywordSet>
              <keyword>Occurrence</keyword>
              <keywordThesaurus>GBIF Dataset Type Vocabulary: http://rs.gbif.org/vocabulary/gbif/dataset_type.xml</keywordThesaurus>
        </keywordSet>
        <keywordSet>
              <keyword>Specimen</keyword>
              <keywordThesaurus>GBIF Dataset Subtype Vocabulary: http://rs.gbif.org/vocabulary/gbif/dataset_subtype.xml</keywordThesaurus>
        </keywordSet>
      <intellectualRights>
        <para>To the extent possible under law, the publisher has waived all rights to these data and has dedicated them to the <ulink url="http://creativecommons.org/publicdomain/zero/1.0/legalcode"><citetitle>Public Domain (CC0 1.0)</citetitle></ulink>. Users may copy, modify, distribute and use the work, including for commercial purposes, without restriction.</para>
      </intellectualRights>
      <maintenance>
          <description>
              <para></para>
          </description>
          <maintenanceUpdateFrequency>weekly</maintenanceUpdateFrequency>
      </maintenance>
      <contact>
    <individualName>
<givenName>Alex</givenName>          <surName>Wild</surName>
    </individualName>
<organizationName>University of Texas at Austin, Biodiversity Center</organizationName><positionName>Curator of Entomology</positionName>    <address>
<deliveryPoint>1.314 Lake Austin Center; 3001 Lake Austin Blvd</deliveryPoint><city>Austin</city><administrativeArea>TX</administrativeArea><postalCode>78703</postalCode><country>UNITED_STATES</country>    </address>
<electronicMailAddress>alex.wild@utexas.edu</electronicMailAddress><onlineUrl>https://biodiversity.utexas.edu/collections/entomology</onlineUrl>      <userId directory="http://orcid.org/">0000-0003-3679-6138</userId>
      </contact>

</dataset>

<additionalMetadata>
    <metadata>
      <gbif>
        <dateStamp>2022-11-17T19:51:52Z</dateStamp>
      <citation>Wild A (2022). University of Texas, Biodiversity Center, Entomology Collection (UTIC). Version 1.128. University of Texas at Austin, Biodiversity Collections. Occurrence dataset https://doi.org/10.15468/sanyq7 accessed via GBIF.org on 2022-11-17.</citation>
      </gbif>
    </metadata>
</additionalMetadata>

</eml:eml>
